hour_start,hour_end,predicted_demand_mw,raw_predicted_demand_mw,predicted_solar_mw
2026-09-29T10:00:00+05:30,2026-09-29T11:00:00+05:30,1463.2548423726566,1542.0234503958777,1117.876640447685
2026-09-29T11:00:00+05:30,2026-09-29T12:00:00+05:30,1505.1485854660878,1532.3685052507115,1154.8333079361064
2026-09-29T12:00:00+05:30,2026-09-29T13:00:00+05:30,1533.1163369643164,1561.350681032871,1117.488320918114
2026-09-29T13:00:00+05:30,2026-09-29T14:00:00+05:30,1576.612698364795,1635.0260630683265,1002.6836200386526
2026-09-29T14:00:00+05:30,2026-09-29T15:00:00+05:30,1807.047361751552,1795.6699245912462,766.0588911967554
2026-09-29T15:00:00+05:30,2026-09-29T16:00:00+05:30,2064.26811536515,2016.010758060967,570.9420451180683
2026-09-29T16:00:00+05:30,2026-09-29T17:00:00+05:30,2305.0680182421793,2270.615747588774,310.9764840083638
2026-09-29T17:00:00+05:30,2026-09-29T18:00:00+05:30,2478.2484576041356,2497.676764767217,59.644022822973355
2026-09-29T18:00:00+05:30,2026-09-29T19:00:00+05:30,2713.2949375096373,2675.0554751013487,3.5485292184321366
2026-09-29T19:00:00+05:30,2026-09-29T20:00:00+05:30,2754.691387170097,2762.696907616668,3.5485292184321366
2026-09-29T20:00:00+05:30,2026-09-29T21:00:00+05:30,2570.1866543366295,2593.7010865717775,4.00680265479103
2026-09-29T21:00:00+05:30,2026-09-29T22:00:00+05:30,2380.701657006859,2357.497894286481,4.00680265479103
2026-09-29T22:00:00+05:30,2026-09-29T23:00:00+05:30,2155.8826517218968,2147.1690818238376,3.8122857806493204
2026-09-29T23:00:00+05:30,2026-09-30T00:00:00+05:30,1949.7652281776343,1941.431279866104,3.3540123442904277
2026-09-30T00:00:00+05:30,2026-09-30T01:00:00+05:30,1763.7726210132562,1758.6766931235952,1.3789729504687496
2026-09-30T01:00:00+05:30,2026-09-30T02:00:00+05:30,1684.799965665775,1680.3512081252834,0.44756820067812325
2026-09-30T02:00:00+05:30,2026-09-30T03:00:00+05:30,1637.29835385017,1648.4865379090254,0.604052196548483
2026-09-30T03:00:00+05:30,2026-09-30T04:00:00+05:30,1627.1115953808735,1643.0535367416137,0.604052196548483
2026-09-30T04:00:00+05:30,2026-09-30T05:00:00+05:30,1757.0313574837287,1760.8128762547808,0.604052196548483
2026-09-30T05:00:00+05:30,2026-09-30T06:00:00+05:30,2030.8110760786856,1975.8016916654308,0.604052196548483
2026-09-30T06:00:00+05:30,2026-09-30T07:00:00+05:30,2085.9535023535323,2057.5980745630777,72.98401928603535
2026-09-30T07:00:00+05:30,2026-09-30T08:00:00+05:30,1875.0518160782146,2002.0628473054464,395.0525174531354
2026-09-30T08:00:00+05:30,2026-09-30T09:00:00+05:30,1816.531652365393,1883.3600576546344,723.1075960606478
2026-09-30T09:00:00+05:30,2026-09-30T10:00:00+05:30,1748.5637656865679,1834.3818180772228,972.4347427247992
2026-09-30T10:00:00+05:30,2026-09-30T11:00:00+05:30,1745.7879522391488,1806.4588177249616,1117.8612636547591
2026-09-30T11:00:00+05:30,2026-09-30T12:00:00+05:30,1768.0406409124025,1788.7517411795188,1184.0030596103186
2026-09-30T12:00:00+05:30,2026-09-30T13:00:00+05:30,1789.7165720175894,1811.523674724083,1164.211729034813
2026-09-30T13:00:00+05:30,2026-09-30T14:00:00+05:30,1858.4340185553642,1910.0466052031572,1076.1520576587482
2026-09-30T14:00:00+05:30,2026-09-30T15:00:00+05:30,2077.520360066337,2062.58951179655,774.1082349761515
2026-09-30T15:00:00+05:30,2026-09-30T16:00:00+05:30,2310.137280986314,2266.6309113298985,583.5472586057988
2026-09-30T16:00:00+05:30,2026-09-30T17:00:00+05:30,2511.7262994772136,2474.594549700489,310.2023888042014
2026-09-30T17:00:00+05:30,2026-09-30T18:00:00+05:30,2655.8580217724925,2672.9834881471625,68.57066151464853
2026-09-30T18:00:00+05:30,2026-09-30T19:00:00+05:30,2883.315256375971,2839.5371488800733,1.012199022924001
2026-09-30T19:00:00+05:30,2026-09-30T20:00:00+05:30,2856.578633038627,2859.9289046283816,3.445511853104571
2026-09-30T20:00:00+05:30,2026-09-30T21:00:00+05:30,2658.542888405264,2680.9117160065825,3.445511853104571
2026-09-30T21:00:00+05:30,2026-09-30T22:00:00+05:30,2481.0484517076907,2456.5436177701995,3.577189951215058
2026-09-30T22:00:00+05:30,2026-09-30T23:00:00+05:30,2250.5592393568463,2248.5569819185766,0.22941999218679704
2026-09-30T23:00:00+05:30,2026-10-01T00:00:00+05:30,2047.5156774484897,2037.914321479492,0.2049095071049546
2026-10-01T00:00:00+05:30,2026-10-01T01:00:00+05:30,1943.9673570127998,1936.4885431806997,0.37478657775078894
2026-10-01T01:00:00+05:30,2026-10-01T02:00:00+05:30,1769.2775053666605,1763.7334333647054,0.2776911300322889
2026-10-01T02:00:00+05:30,2026-10-01T03:00:00+05:30,1682.9972303363659,1690.4926668264065,0.604052196548483
2026-10-01T03:00:00+05:30,2026-10-01T04:00:00+05:30,1690.2320144924759,1702.2553249591274,0.604052196548483
2026-10-01T04:00:00+05:30,2026-10-01T05:00:00+05:30,1852.3271678411172,1854.8265787149694,0.5557810587029911
2026-10-01T05:00:00+05:30,2026-10-01T06:00:00+05:30,2143.2201990942012,2086.7533463588898,0.5068591061026441
2026-10-01T06:00:00+05:30,2026-10-01T07:00:00+05:30,2154.242570383409,2125.0017237699417,70.59923633615603
2026-10-01T07:00:00+05:30,2026-10-01T08:00:00+05:30,1884.146127093376,2011.0392437789767,381.7288003961786
2026-10-01T08:00:00+05:30,2026-10-01T09:00:00+05:30,1858.9750500511918,1925.2066184883822,712.3809570060897
2026-10-01T09:00:00+05:30,2026-10-01T10:00:00+05:30,1743.0241976945952,1828.9140747258984,974.0775197395988
2026-10-01T10:00:00+05:30,2026-10-01T11:00:00+05:30,1694.1631905667696,1755.503409684679,1085.4541322426162
2026-10-01T11:00:00+05:30,2026-10-01T12:00:00+05:30,1702.5471483894057,1724.1074207529891,1141.5587553303742
2026-10-01T12:00:00+05:30,2026-10-01T13:00:00+05:30,1711.0205670437288,1733.8480222914122,1121.2457399492207
2026-10-01T13:00:00+05:30,2026-10-01T14:00:00+05:30,1741.4581382533243,1794.6339311141533,894.7910372854303
2026-10-01T14:00:00+05:30,2026-10-01T15:00:00+05:30,1968.3451436462253,1954.8298336816704,511.28661715156977
2026-10-01T15:00:00+05:30,2026-10-01T16:00:00+05:30,2201.691079688133,2159.5907961108487,438.023273698335
2026-10-01T16:00:00+05:30,2026-10-01T17:00:00+05:30,2406.6504381291643,2370.8810754542983,281.34263861084685
2026-10-01T17:00:00+05:30,2026-10-01T18:00:00+05:30,2541.8840891660825,2560.4873127890774,30.648068934268398
2026-10-01T18:00:00+05:30,2026-10-01T19:00:00+05:30,2756.934423135288,2718.1291421690034,0.535367115618864
2026-10-01T19:00:00+05:30,2026-10-01T20:00:00+05:30,2756.1659887711994,2764.152389905533,0.535367115618864
2026-10-01T20:00:00+05:30,2026-10-01T21:00:00+05:30,2560.192879953631,2583.8368889454537,0.535367115618864
2026-10-01T21:00:00+05:30,2026-10-01T22:00:00+05:30,2358.238247791727,2335.325739966487,0.535367115618864
2026-10-01T22:00:00+05:30,2026-10-01T23:00:00+05:30,2110.8692386053,2102.739301262367,0.20900604910266996
2026-10-01T23:00:00+05:30,2026-10-02T00:00:00+05:30,1892.7338431612234,1885.1393493956816,0.17097317083132058
2026-10-02T00:00:00+05:30,2026-10-02T01:00:00+05:30,1768.2273257909665,1763.073639323323,0.17097317083132058
2026-10-02T01:00:00+05:30,2026-10-02T02:00:00+05:30,1632.051783325287,1631.3871728743918,0.20900604910266996
2026-10-02T02:00:00+05:30,2026-10-02T03:00:00+05:30,1554.721411768483,1566.9802676196957,0.535367115618864
2026-10-02T03:00:00+05:30,2026-10-02T04:00:00+05:30,1559.2250991949472,1576.0472397337626,0.535367115618864
2026-10-02T04:00:00+05:30,2026-10-02T05:00:00+05:30,1715.3105982929044,1719.6330578991979,0.535367115618864
2026-10-02T05:00:00+05:30,2026-10-02T06:00:00+05:30,2008.0533695266884,1953.3390557935743,0.535367115618864
2026-10-02T06:00:00+05:30,2026-10-02T07:00:00+05:30,2071.18194402496,2043.0180405321225,82.68189591023685
2026-10-02T07:00:00+05:30,2026-10-02T08:00:00+05:30,1849.2961489240593,1976.6876481004947,412.032835987307
2026-10-02T08:00:00+05:30,2026-10-02T09:00:00+05:30,1859.158705544223,1925.387892750637,711.4590186714935
2026-10-02T09:00:00+05:30,2026-10-02T10:00:00+05:30,1793.868610416598,1879.0992516233707,958.147527019913
2026-10-02T10:00:00+05:30,2026-10-02T11:00:00+05:30,1751.9213479650336,1812.5126893896554,1074.141201421807
2026-10-02T11:00:00+05:30,2026-10-02T12:00:00+05:30,1730.0807699369109,1751.2840483117463,1143.6173224415763
2026-10-02T12:00:00+05:30,2026-10-02T13:00:00+05:30,1697.546496148454,1720.5486527991216,1085.1309633096178
2026-10-02T13:00:00+05:30,2026-10-02T14:00:00+05:30,1700.9455306827012,1754.646599789747,851.8356396502437
2026-10-02T14:00:00+05:30,2026-10-02T15:00:00+05:30,1888.1213342927522,1875.6461859954247,641.8920977790712
2026-10-02T15:00:00+05:30,2026-10-02T16:00:00+05:30,2108.8449417466177,2060.009612560741,454.98667552621464
2026-10-02T16:00:00+05:30,2026-10-02T17:00:00+05:30,2299.584020365466,2265.202853844618,200.62625555915557
2026-10-02T17:00:00+05:30,2026-10-02T18:00:00+05:30,2422.1990189517537,2442.354048992066,28.931236271795918
2026-10-02T18:00:00+05:30,2026-10-02T19:00:00+05:30,2621.4827655779045,2584.4337166216565,0.5309715283342722
2026-10-02T19:00:00+05:30,2026-10-02T20:00:00+05:30,2596.585313700963,2606.640797597335,0.5309715283342722
2026-10-02T20:00:00+05:30,2026-10-02T21:00:00+05:30,2391.110338157443,2416.9466287174328,0.5309715283342722
2026-10-02T21:00:00+05:30,2026-10-02T22:00:00+05:30,2198.052655883862,2177.2170740197234,0.5309715283342722
2026-10-02T22:00:00+05:30,2026-10-02T23:00:00+05:30,1984.8921611029225,1978.395610755987,0.23624595382120722
2026-10-02T23:00:00+05:30,2026-10-03T00:00:00+05:30,1794.5625908308539,1788.2874872175025,0.17097317083132058
2026-10-03T00:00:00+05:30,2026-10-03T01:00:00+05:30,1578.255970425037,1578.665632079535,0.17097317083132058
2026-10-03T01:00:00+05:30,2026-10-03T02:00:00+05:30,1546.5293759415251,1546.9736274427923,0.535367115618864
2026-10-03T02:00:00+05:30,2026-10-03T03:00:00+05:30,1495.4548870712802,1508.482177725535,0.535367115618864
2026-10-03T03:00:00+05:30,2026-10-03T04:00:00+05:30,1465.9734529271432,1495.338932843782,0.535367115618864
2026-10-03T04:00:00+05:30,2026-10-03T05:00:00+05:30,1525.7740230103752,1535.6541934899676,0.0
2026-10-03T05:00:00+05:30,2026-10-03T06:00:00+05:30,1727.1779820464108,1676.1519541756063,0.0
2026-10-03T06:00:00+05:30,2026-10-03T07:00:00+05:30,1813.390519479652,1788.6156010110547,79.39452079005169
2026-10-03T07:00:00+05:30,2026-10-03T08:00:00+05:30,1600.2190608648327,1733.9402581779054,411.0931821932007
2026-10-03T08:00:00+05:30,2026-10-03T09:00:00+05:30,1528.597721896257,1602.2596333351187,739.5162600179381
2026-10-03T09:00:00+05:30,2026-10-03T10:00:00+05:30,1340.9636947009055,1446.5010762856132,982.76270561249
2026-10-03T10:00:00+05:30,2026-10-03T11:00:00+05:30,1233.1332013395045,1314.8855084880997,1125.416787062717
2026-10-03T11:00:00+05:30,2026-10-03T12:00:00+05:30,1182.763941600226,1225.498081386757,1141.325357327139
2026-10-03T12:00:00+05:30,2026-10-03T13:00:00+05:30,1157.1269657274604,1201.5705551656135,1084.132807178835
2026-10-03T13:00:00+05:30,2026-10-03T14:00:00+05:30,1165.3130043609335,1240.393439168337,917.167130085164
2026-10-03T14:00:00+05:30,2026-10-03T15:00:00+05:30,1343.4355426064808,1352.5036688320386,649.4892180150725
2026-10-03T15:00:00+05:30,2026-10-03T16:00:00+05:30,1572.5404033236505,1533.8054173810954,424.48893338263167
2026-10-03T16:00:00+05:30,2026-10-03T17:00:00+05:30,1811.3949726251576,1775.4512033659994,235.21576405917503
2026-10-03T17:00:00+05:30,2026-10-03T18:00:00+05:30,2019.5791424484253,2037.015575001501,23.604138316827676
2026-10-03T18:00:00+05:30,2026-10-03T19:00:00+05:30,2306.8700661050652,2273.9002060162106,0.535367115618864
2026-10-03T19:00:00+05:30,2026-10-03T20:00:00+05:30,2368.6097880271845,2381.6211450587634,0.535367115618864
2026-10-03T20:00:00+05:30,2026-10-03T21:00:00+05:30,2195.79521325217,2224.1639104330056,0.535367115618864
2026-10-03T21:00:00+05:30,2026-10-03T22:00:00+05:30,2044.3422901331085,2017.5608128787828,0.535367115618864
2026-10-03T22:00:00+05:30,2026-10-03T23:00:00+05:30,1809.7489479351052,1805.5697867603478,0.20900604910266996
2026-10-03T23:00:00+05:30,2026-10-04T00:00:00+05:30,1633.2580637350343,1632.174621382681,0.17097317083132058
2026-10-04T00:00:00+05:30,2026-10-04T01:00:00+05:30,1456.2605574427907,1469.5862429007088,0.17097317083132058
2026-10-04T01:00:00+05:30,2026-10-04T02:00:00+05:30,1377.9970440482177,1391.9607052996992,0.535367115618864
2026-10-04T02:00:00+05:30,2026-10-04T03:00:00+05:30,1353.0060583702248,1379.2145666545957,0.535367115618864
2026-10-04T03:00:00+05:30,2026-10-04T04:00:00+05:30,1325.8702901502297,1357.0523123197522,0.535367115618864
2026-10-04T04:00:00+05:30,2026-10-04T05:00:00+05:30,1332.1930878740136,1355.9174419723386,0.535367115618864
2026-10-04T05:00:00+05:30,2026-10-04T06:00:00+05:30,1469.4855858774354,1436.2352221189062,0.9406412739509412
2026-10-04T06:00:00+05:30,2026-10-04T07:00:00+05:30,1544.9205202667013,1526.7267435268695,83.65075069887317
2026-10-04T07:00:00+05:30,2026-10-04T08:00:00+05:30,1307.348097692595,1456.2008480716154,414.60110964198793
2026-10-04T08:00:00+05:30,2026-10-04T09:00:00+05:30,1211.3025093992687,1300.41265255725,740.5016284490981
2026-10-04T09:00:00+05:30,2026-10-04T10:00:00+05:30,1017.2650321898608,1126.9994089458305,967.4804087466471
2026-10-04T10:00:00+05:30,2026-10-04T11:00:00+05:30,954.5891199732824,1039.9529593889838,1140.618547801879
2026-10-04T11:00:00+05:30,2026-10-04T12:00:00+05:30,974.9729520292714,1020.4012573495611,1154.2215206935468
2026-10-04T12:00:00+05:30,2026-10-04T13:00:00+05:30,1002.445338312833,1048.8944906974195,1068.8775570715675
2026-10-04T13:00:00+05:30,2026-10-04T14:00:00+05:30,1046.7650033660098,1123.3825016381766,896.1637744458103
2026-10-04T14:00:00+05:30,2026-10-04T15:00:00+05:30,1223.6719453402643,1234.2928961450775,614.4809164661393
2026-10-04T15:00:00+05:30,2026-10-04T16:00:00+05:30,1390.58483597683,1365.5433020679639,444.85629394688476
2026-10-04T16:00:00+05:30,2026-10-04T17:00:00+05:30,1594.7516439899164,1564.7170449275136,242.51392802273395
2026-10-04T17:00:00+05:30,2026-10-04T18:00:00+05:30,1811.4879593954693,1831.6689761836813,30.203300155273098
2026-10-04T18:00:00+05:30,2026-10-04T19:00:00+05:30,2117.752441377281,2079.2957674829495,0.0
2026-10-04T19:00:00+05:30,2026-10-04T20:00:00+05:30,2185.587744471259,2200.972119133124,0.535367115618864
2026-10-04T20:00:00+05:30,2026-10-04T21:00:00+05:30,2027.135365126679,2049.751998133227,0.535367115618864
2026-10-04T21:00:00+05:30,2026-10-04T22:00:00+05:30,1869.14965218851,1844.6396784671006,0.535367115618864
2026-10-04T22:00:00+05:30,2026-10-04T23:00:00+05:30,1643.900442546815,1644.9718587089017,0.20900604910266996
2026-10-04T23:00:00+05:30,2026-10-05T00:00:00+05:30,1464.5048842424067,1476.9437150945082,0.17097317083132058
2026-10-05T00:00:00+05:30,2026-10-05T01:00:00+05:30,1316.7702856904502,1331.9045668108934,0.17097317083132058
2026-10-05T01:00:00+05:30,2026-10-05T02:00:00+05:30,1272.6318069318068,1287.9616072583342,0.535367115618864
2026-10-05T02:00:00+05:30,2026-10-05T03:00:00+05:30,1275.7254092804126,1302.9359189587526,0.535367115618864
2026-10-05T03:00:00+05:30,2026-10-05T04:00:00+05:30,1293.1151959117753,1324.721912367294,0.535367115618864
2026-10-05T04:00:00+05:30,2026-10-05T05:00:00+05:30,1419.3331961355032,1441.9277135803193,0.535367115618864
2026-10-05T05:00:00+05:30,2026-10-05T06:00:00+05:30,1692.4071628647685,1641.831964660896,0.9134013692324038
2026-10-05T06:00:00+05:30,2026-10-05T07:00:00+05:30,1789.0321194955168,1764.5730258941587,92.66642941422863
2026-10-05T07:00:00+05:30,2026-10-05T08:00:00+05:30,1630.2401303518734,1763.5720820539332,418.27951687461604
2026-10-05T08:00:00+05:30,2026-10-05T09:00:00+05:30,1672.2478351886,1740.9469880406664,738.0464158502773
2026-10-05T09:00:00+05:30,2026-10-05T10:00:00+05:30,1613.0602188315427,1703.7354034843902,945.7411453032211
2026-10-05T10:00:00+05:30,2026-10-05T11:00:00+05:30,1578.055046798888,1644.0009222770818,1107.748419584702
2026-10-05T11:00:00+05:30,2026-10-05T12:00:00+05:30,1554.9675675858878,1581.541547020397,1107.1824611907273
2026-10-05T12:00:00+05:30,2026-10-05T13:00:00+05:30,1507.256796288159,1535.826428635346,1036.4715665479641
2026-10-05T13:00:00+05:30,2026-10-05T14:00:00+05:30,1459.5718720042485,1530.8370205913761,903.5213216554228
2026-10-05T14:00:00+05:30,2026-10-05T15:00:00+05:30,1585.8724521926033,1580.462940563744,683.6310896530593
2026-10-05T15:00:00+05:30,2026-10-05T16:00:00+05:30,1760.569047395589,1716.2959020352782,513.6371704704617
2026-10-05T16:00:00+05:30,2026-10-05T17:00:00+05:30,1952.8046338972786,1914.980856187004,281.22812269890636
2026-10-05T17:00:00+05:30,2026-10-05T18:00:00+05:30,2095.149016947284,2111.6056295780154,34.79081811380723
2026-10-05T18:00:00+05:30,2026-10-05T19:00:00+05:30,2315.429608208361,2282.3487672566353,0.0
2026-10-05T19:00:00+05:30,2026-10-05T20:00:00+05:30,2273.2468601657347,2287.494668854689,0.0
2026-10-05T20:00:00+05:30,2026-10-05T21:00:00+05:30,2079.6111220618827,2101.547367646509,0.0
2026-10-05T21:00:00+05:30,2026-10-05T22:00:00+05:30,1884.9605959464348,1860.245621518225,0.535367115618864
2026-10-05T22:00:00+05:30,2026-10-05T23:00:00+05:30,1662.194841934981,1659.9288300626595,0.535367115618864
2026-10-05T23:00:00+05:30,2026-10-06T00:00:00+05:30,1475.7727841828935,1488.0655182878736,0.1427870080238381
