Datetime,Demand_MW,Hour,Weekend,Month,Quarter,Year,source_datetime
2026-09-13 21:00:00,2224.420352,21,1,9,3,2025,2025-09-14 21:00:00
2026-09-13 22:00:00,2032.453477,22,1,9,3,2025,2025-09-14 22:00:00
2026-09-13 23:00:00,1850.114593,23,1,9,3,2025,2025-09-14 23:00:00
2026-09-14 00:00:00,1742.004523,0,0,9,3,2025,2025-09-15 00:00:00
2026-09-14 01:00:00,1636.264761,1,0,9,3,2025,2025-09-15 01:00:00
2026-09-14 02:00:00,1591.549549,2,0,9,3,2025,2025-09-15 02:00:00
2026-09-14 03:00:00,1565.938151,3,0,9,3,2025,2025-09-15 03:00:00
2026-09-14 04:00:00,1682.044154,4,0,9,3,2025,2025-09-15 04:00:00
2026-09-14 05:00:00,2020.958628,5,0,9,3,2025,2025-09-15 05:00:00
2026-09-14 06:00:00,2094.623824,6,0,9,3,2025,2025-09-15 06:00:00
2026-09-14 07:00:00,1718.482018,7,0,9,3,2025,2025-09-15 07:00:00
2026-09-14 08:00:00,1740.545629,8,0,9,3,2025,2025-09-15 08:00:00
2026-09-14 09:00:00,1653.992613,9,0,9,3,2025,2025-09-15 09:00:00
2026-09-14 10:00:00,1492.234401,10,0,9,3,2025,2025-09-15 10:00:00
2026-09-14 11:00:00,1453.665139,11,0,9,3,2025,2025-09-15 11:00:00
2026-09-14 12:00:00,1433.588141,12,0,9,3,2025,2025-09-15 12:00:00
2026-09-14 13:00:00,1444.332256,13,0,9,3,2025,2025-09-15 13:00:00
2026-09-14 14:00:00,1666.181102,14,0,9,3,2025,2025-09-15 14:00:00
2026-09-14 15:00:00,2005.292375,15,0,9,3,2025,2025-09-15 15:00:00
2026-09-14 16:00:00,2311.737823,16,0,9,3,2025,2025-09-15 16:00:00
2026-09-14 17:00:00,2441.783884,17,0,9,3,2025,2025-09-15 17:00:00
2026-09-14 18:00:00,2685.2144,18,0,9,3,2025,2025-09-15 18:00:00
2026-09-14 19:00:00,2724.513441,19,0,9,3,2025,2025-09-15 19:00:00
2026-09-14 20:00:00,2548.122495,20,0,9,3,2025,2025-09-15 20:00:00
2026-09-14 21:00:00,2350.90901,21,0,9,3,2025,2025-09-15 21:00:00
2026-09-14 22:00:00,2145.93295,22,0,9,3,2025,2025-09-15 22:00:00
2026-09-14 23:00:00,1964.978171,23,0,9,3,2025,2025-09-15 23:00:00
2026-09-15 00:00:00,1805.009612,0,0,9,3,2025,2025-09-16 00:00:00
2026-09-15 01:00:00,1724.654415,1,0,9,3,2025,2025-09-16 01:00:00
2026-09-15 02:00:00,1662.705313,2,0,9,3,2025,2025-09-16 02:00:00
2026-09-15 03:00:00,1608.84554,3,0,9,3,2025,2025-09-16 03:00:00
2026-09-15 04:00:00,1676.916824,4,0,9,3,2025,2025-09-16 04:00:00
2026-09-15 05:00:00,2047.051027,5,0,9,3,2025,2025-09-16 05:00:00
2026-09-15 06:00:00,2162.896229,6,0,9,3,2025,2025-09-16 06:00:00
2026-09-15 07:00:00,1853.529937,7,0,9,3,2025,2025-09-16 07:00:00
2026-09-15 08:00:00,1785.131314,8,0,9,3,2025,2025-09-16 08:00:00
2026-09-15 09:00:00,1731.887402,9,0,9,3,2025,2025-09-16 09:00:00
2026-09-15 10:00:00,1637.656483,10,0,9,3,2025,2025-09-16 10:00:00
2026-09-15 11:00:00,1723.360329,11,0,9,3,2025,2025-09-16 11:00:00
2026-09-15 12:00:00,1846.062659,12,0,9,3,2025,2025-09-16 12:00:00
2026-09-15 13:00:00,1770.375309,13,0,9,3,2025,2025-09-16 13:00:00
2026-09-15 14:00:00,1842.613234,14,0,9,3,2025,2025-09-16 14:00:00
2026-09-15 15:00:00,1983.401109,15,0,9,3,2025,2025-09-16 15:00:00
2026-09-15 16:00:00,2228.728213,16,0,9,3,2025,2025-09-16 16:00:00
2026-09-15 17:00:00,2400.332074,17,0,9,3,2025,2025-09-16 17:00:00
2026-09-15 18:00:00,2635.369991,18,0,9,3,2025,2025-09-16 18:00:00
2026-09-15 19:00:00,2694.637443,19,0,9,3,2025,2025-09-16 19:00:00
2026-09-15 20:00:00,2504.496642,20,0,9,3,2025,2025-09-16 20:00:00
2026-09-15 21:00:00,2319.361667,21,0,9,3,2025,2025-09-16 21:00:00
2026-09-15 22:00:00,2101.602746,22,0,9,3,2025,2025-09-16 22:00:00
2026-09-15 23:00:00,1937.164425,23,0,9,3,2025,2025-09-16 23:00:00
2026-09-16 00:00:00,1738.69729,0,0,9,3,2025,2025-09-17 00:00:00
2026-09-16 01:00:00,1706.739971,1,0,9,3,2025,2025-09-17 01:00:00
2026-09-16 02:00:00,1629.611042,2,0,9,3,2025,2025-09-17 02:00:00
2026-09-16 03:00:00,1606.336339,3,0,9,3,2025,2025-09-17 03:00:00
2026-09-16 04:00:00,1703.050728,4,0,9,3,2025,2025-09-17 04:00:00
2026-09-16 05:00:00,2032.240624,5,0,9,3,2025,2025-09-17 05:00:00
2026-09-16 06:00:00,2099.563602,6,0,9,3,2025,2025-09-17 06:00:00
2026-09-16 07:00:00,1730.869558,7,0,9,3,2025,2025-09-17 07:00:00
2026-09-16 08:00:00,1634.713148,8,0,9,3,2025,2025-09-17 08:00:00
2026-09-16 09:00:00,1616.882777,9,0,9,3,2025,2025-09-17 09:00:00
2026-09-16 10:00:00,1673.51612,10,0,9,3,2025,2025-09-17 10:00:00
2026-09-16 11:00:00,1767.480944,11,0,9,3,2025,2025-09-17 11:00:00
2026-09-16 12:00:00,1872.015144,12,0,9,3,2025,2025-09-17 12:00:00
2026-09-16 13:00:00,1683.057417,13,0,9,3,2025,2025-09-17 13:00:00
2026-09-16 14:00:00,1755.345207,14,0,9,3,2025,2025-09-17 14:00:00
2026-09-16 15:00:00,2170.970886,15,0,9,3,2025,2025-09-17 15:00:00
2026-09-16 16:00:00,2407.973843,16,0,9,3,2025,2025-09-17 16:00:00
2026-09-16 17:00:00,2434.682491,17,0,9,3,2025,2025-09-17 17:00:00
2026-09-16 18:00:00,2573.05029,18,0,9,3,2025,2025-09-17 18:00:00
2026-09-16 19:00:00,2558.359985,19,0,9,3,2025,2025-09-17 19:00:00
2026-09-16 20:00:00,2376.157453,20,0,9,3,2025,2025-09-17 20:00:00
2026-09-16 21:00:00,2186.150893,21,0,9,3,2025,2025-09-17 21:00:00
2026-09-16 22:00:00,1960.945431,22,0,9,3,2025,2025-09-17 22:00:00
2026-09-16 23:00:00,1770.631616,23,0,9,3,2025,2025-09-17 23:00:00
2026-09-17 00:00:00,1645.800065,0,0,9,3,2025,2025-09-18 00:00:00
2026-09-17 01:00:00,1580.888189,1,0,9,3,2025,2025-09-18 01:00:00
2026-09-17 02:00:00,1531.94693,2,0,9,3,2025,2025-09-18 02:00:00
2026-09-17 03:00:00,1515.868599,3,0,9,3,2025,2025-09-18 03:00:00
2026-09-17 04:00:00,1629.418439,4,0,9,3,2025,2025-09-18 04:00:00
2026-09-17 05:00:00,1987.428895,5,0,9,3,2025,2025-09-18 05:00:00
2026-09-17 06:00:00,2064.651329,6,0,9,3,2025,2025-09-18 06:00:00
2026-09-17 07:00:00,1714.979404,7,0,9,3,2025,2025-09-18 07:00:00
2026-09-17 08:00:00,1694.103688,8,0,9,3,2025,2025-09-18 08:00:00
2026-09-17 09:00:00,1720.700979,9,0,9,3,2025,2025-09-18 09:00:00
2026-09-17 10:00:00,1810.344005,10,0,9,3,2025,2025-09-18 10:00:00
2026-09-17 11:00:00,1854.246101,11,0,9,3,2025,2025-09-18 11:00:00
2026-09-17 12:00:00,1888.674827,12,0,9,3,2025,2025-09-18 12:00:00
2026-09-17 13:00:00,1806.669392,13,0,9,3,2025,2025-09-18 13:00:00
2026-09-17 14:00:00,1868.199234,14,0,9,3,2025,2025-09-18 14:00:00
2026-09-17 15:00:00,2043.781975,15,0,9,3,2025,2025-09-18 15:00:00
2026-09-17 16:00:00,2241.902704,16,0,9,3,2025,2025-09-18 16:00:00
2026-09-17 17:00:00,2338.038438,17,0,9,3,2025,2025-09-18 17:00:00
2026-09-17 18:00:00,2535.964542,18,0,9,3,2025,2025-09-18 18:00:00
2026-09-17 19:00:00,2585.4577,19,0,9,3,2025,2025-09-18 19:00:00
2026-09-17 20:00:00,2399.483139,20,0,9,3,2025,2025-09-18 20:00:00
2026-09-17 21:00:00,2205.879706,21,0,9,3,2025,2025-09-18 21:00:00
2026-09-17 22:00:00,1982.265988,22,0,9,3,2025,2025-09-18 22:00:00
2026-09-17 23:00:00,1801.10353,23,0,9,3,2025,2025-09-18 23:00:00
2026-09-18 00:00:00,1647.859926,0,0,9,3,2025,2025-09-19 00:00:00
2026-09-18 01:00:00,1562.377217,1,0,9,3,2025,2025-09-19 01:00:00
2026-09-18 02:00:00,1507.848439,2,0,9,3,2025,2025-09-19 02:00:00
2026-09-18 03:00:00,1484.208444,3,0,9,3,2025,2025-09-19 03:00:00
2026-09-18 04:00:00,1564.369433,4,0,9,3,2025,2025-09-19 04:00:00
2026-09-18 05:00:00,1897.000152,5,0,9,3,2025,2025-09-19 05:00:00
2026-09-18 06:00:00,2014.074966,6,0,9,3,2025,2025-09-19 06:00:00
2026-09-18 07:00:00,1749.37155,7,0,9,3,2025,2025-09-19 07:00:00
2026-09-18 08:00:00,1792.274645,8,0,9,3,2025,2025-09-19 08:00:00
2026-09-18 09:00:00,1750.809113,9,0,9,3,2025,2025-09-19 09:00:00
2026-09-18 10:00:00,1633.810312,10,0,9,3,2025,2025-09-19 10:00:00
2026-09-18 11:00:00,1550.957571,11,0,9,3,2025,2025-09-19 11:00:00
2026-09-18 12:00:00,1431.104339,12,0,9,3,2025,2025-09-19 12:00:00
2026-09-18 13:00:00,1473.987022,13,0,9,3,2025,2025-09-19 13:00:00
2026-09-18 14:00:00,1669.023578,14,0,9,3,2025,2025-09-19 14:00:00
2026-09-18 15:00:00,1876.295602,15,0,9,3,2025,2025-09-19 15:00:00
2026-09-18 16:00:00,2085.628878,16,0,9,3,2025,2025-09-19 16:00:00
2026-09-18 17:00:00,2267.879036,17,0,9,3,2025,2025-09-19 17:00:00
2026-09-18 18:00:00,2547.822342,18,0,9,3,2025,2025-09-19 18:00:00
2026-09-18 19:00:00,2572.279014,19,0,9,3,2025,2025-09-19 19:00:00
2026-09-18 20:00:00,2399.801993,20,0,9,3,2025,2025-09-19 20:00:00
2026-09-18 21:00:00,2205.172044,21,0,9,3,2025,2025-09-19 21:00:00
2026-09-18 22:00:00,1970.910249,22,0,9,3,2025,2025-09-19 22:00:00
2026-09-18 23:00:00,1791.951562,23,0,9,3,2025,2025-09-19 23:00:00
2026-09-19 00:00:00,1677.41233,0,1,9,3,2025,2025-09-20 00:00:00
2026-09-19 01:00:00,1594.327526,1,1,9,3,2025,2025-09-20 01:00:00
2026-09-19 02:00:00,1536.619556,2,1,9,3,2025,2025-09-20 02:00:00
2026-09-19 03:00:00,1507.084707,3,1,9,3,2025,2025-09-20 03:00:00
2026-09-19 04:00:00,1530.816648,4,1,9,3,2025,2025-09-20 04:00:00
2026-09-19 05:00:00,1688.915989,5,1,9,3,2025,2025-09-20 05:00:00
2026-09-19 06:00:00,1871.027029,6,1,9,3,2025,2025-09-20 06:00:00
2026-09-19 07:00:00,1656.371184,7,1,9,3,2025,2025-09-20 07:00:00
2026-09-19 08:00:00,1461.560815,8,1,9,3,2025,2025-09-20 08:00:00
2026-09-19 09:00:00,1351.240742,9,1,9,3,2025,2025-09-20 09:00:00
2026-09-19 10:00:00,1121.88308,10,1,9,3,2025,2025-09-20 10:00:00
2026-09-19 11:00:00,1099.669834,11,1,9,3,2025,2025-09-20 11:00:00
2026-09-19 12:00:00,1136.743602,12,1,9,3,2025,2025-09-20 12:00:00
2026-09-19 13:00:00,1084.606959,13,1,9,3,2025,2025-09-20 13:00:00
2026-09-19 14:00:00,1237.399098,14,1,9,3,2025,2025-09-20 14:00:00
2026-09-19 15:00:00,1583.864641,15,1,9,3,2025,2025-09-20 15:00:00
2026-09-19 16:00:00,1865.631071,16,1,9,3,2025,2025-09-20 16:00:00
2026-09-19 17:00:00,2093.346691,17,1,9,3,2025,2025-09-20 17:00:00
2026-09-19 18:00:00,2481.671811,18,1,9,3,2025,2025-09-20 18:00:00
2026-09-19 19:00:00,2550.887319,19,1,9,3,2025,2025-09-20 19:00:00
2026-09-19 20:00:00,2392.897015,20,1,9,3,2025,2025-09-20 20:00:00
2026-09-19 21:00:00,2213.909045,21,1,9,3,2025,2025-09-20 21:00:00
2026-09-19 22:00:00,2029.859606,22,1,9,3,2025,2025-09-20 22:00:00
2026-09-19 23:00:00,1868.414438,23,1,9,3,2025,2025-09-20 23:00:00
2026-09-20 00:00:00,1692.791658,0,1,9,3,2025,2025-09-21 00:00:00
2026-09-20 01:00:00,1639.835972,1,1,9,3,2025,2025-09-21 01:00:00
2026-09-20 02:00:00,1565.609148,2,1,9,3,2025,2025-09-21 02:00:00
2026-09-20 03:00:00,1531.243426,3,1,9,3,2025,2025-09-21 03:00:00
2026-09-20 04:00:00,1515.17712,4,1,9,3,2025,2025-09-21 04:00:00
2026-09-20 05:00:00,1616.833182,5,1,9,3,2025,2025-09-21 05:00:00
2026-09-20 06:00:00,1725.678354,6,1,9,3,2025,2025-09-21 06:00:00
2026-09-20 07:00:00,1489.816644,7,1,9,3,2025,2025-09-21 07:00:00
2026-09-20 08:00:00,1159.900573,8,1,9,3,2025,2025-09-21 08:00:00
2026-09-20 09:00:00,903.4777727,9,1,9,3,2025,2025-09-21 09:00:00
2026-09-20 10:00:00,850.7778506,10,1,9,3,2025,2025-09-21 10:00:00
2026-09-20 11:00:00,876.602147,11,1,9,3,2025,2025-09-21 11:00:00
2026-09-20 12:00:00,924.7708609,12,1,9,3,2025,2025-09-21 12:00:00
2026-09-20 13:00:00,898.9728085,13,1,9,3,2025,2025-09-21 13:00:00
2026-09-20 14:00:00,934.619012,14,1,9,3,2025,2025-09-21 14:00:00
2026-09-20 15:00:00,1157.594189,15,1,9,3,2025,2025-09-21 15:00:00
2026-09-20 16:00:00,1508.181671,16,1,9,3,2025,2025-09-21 16:00:00
2026-09-20 17:00:00,1828.571555,17,1,9,3,2025,2025-09-21 17:00:00
2026-09-20 18:00:00,2237.634078,18,1,9,3,2025,2025-09-21 18:00:00
2026-09-20 19:00:00,2351.505968,19,1,9,3,2025,2025-09-21 19:00:00
2026-09-20 20:00:00,2235.675408,20,1,9,3,2025,2025-09-21 20:00:00
2026-09-20 21:00:00,2076.695618,21,1,9,3,2025,2025-09-21 21:00:00
2026-09-20 22:00:00,1890.916105,22,1,9,3,2025,2025-09-21 22:00:00
2026-09-20 23:00:00,1720.095523,23,1,9,3,2025,2025-09-21 23:00:00
2026-09-21 00:00:00,1601.739304,0,0,9,3,2025,2025-09-22 00:00:00
2026-09-21 01:00:00,1495.124858,1,0,9,3,2025,2025-09-22 01:00:00
2026-09-21 02:00:00,1423.63844,2,0,9,3,2025,2025-09-22 02:00:00
2026-09-21 03:00:00,1403.381291,3,0,9,3,2025,2025-09-22 03:00:00
2026-09-21 04:00:00,1512.67037,4,0,9,3,2025,2025-09-22 04:00:00
2026-09-21 05:00:00,1877.049065,5,0,9,3,2025,2025-09-22 05:00:00
2026-09-21 06:00:00,1981.539569,6,0,9,3,2025,2025-09-22 06:00:00
2026-09-21 07:00:00,1650.031653,7,0,9,3,2025,2025-09-22 07:00:00
2026-09-21 08:00:00,1589.978492,8,0,9,3,2025,2025-09-22 08:00:00
2026-09-21 09:00:00,1403.602908,9,0,9,3,2025,2025-09-22 09:00:00
2026-09-21 10:00:00,1288.68334,10,0,9,3,2025,2025-09-22 10:00:00
2026-09-21 11:00:00,1304.900726,11,0,9,3,2025,2025-09-22 11:00:00
2026-09-21 12:00:00,1330.255338,12,0,9,3,2025,2025-09-22 12:00:00
2026-09-21 13:00:00,1313.314834,13,0,9,3,2025,2025-09-22 13:00:00
2026-09-21 14:00:00,1540.237076,14,0,9,3,2025,2025-09-22 14:00:00
2026-09-21 15:00:00,1912.764659,15,0,9,3,2025,2025-09-22 15:00:00
2026-09-21 16:00:00,2198.302339,16,0,9,3,2025,2025-09-22 16:00:00
2026-09-21 17:00:00,2360.977552,17,0,9,3,2025,2025-09-22 17:00:00
2026-09-21 18:00:00,2605.901199,18,0,9,3,2025,2025-09-22 18:00:00
2026-09-21 19:00:00,2624.780393,19,0,9,3,2025,2025-09-22 19:00:00
2026-09-21 20:00:00,2462.752988,20,0,9,3,2025,2025-09-22 20:00:00
2026-09-21 21:00:00,2271.29765,21,0,9,3,2025,2025-09-22 21:00:00
2026-09-21 22:00:00,2044.402029,22,0,9,3,2025,2025-09-22 22:00:00
2026-09-21 23:00:00,1829.231367,23,0,9,3,2025,2025-09-22 23:00:00
2026-09-22 00:00:00,1700.833037,0,0,9,3,2025,2025-09-23 00:00:00
2026-09-22 01:00:00,1616.669866,1,0,9,3,2025,2025-09-23 01:00:00
2026-09-22 02:00:00,1554.401025,2,0,9,3,2025,2025-09-23 02:00:00
2026-09-22 03:00:00,1542.316388,3,0,9,3,2025,2025-09-23 03:00:00
2026-09-22 04:00:00,1671.513974,4,0,9,3,2025,2025-09-23 04:00:00
2026-09-22 05:00:00,2013.875936,5,0,9,3,2025,2025-09-23 05:00:00
2026-09-22 06:00:00,2063.68437,6,0,9,3,2025,2025-09-23 06:00:00
2026-09-22 07:00:00,1641.399641,7,0,9,3,2025,2025-09-23 07:00:00
2026-09-22 08:00:00,1549.497273,8,0,9,3,2025,2025-09-23 08:00:00
2026-09-22 09:00:00,1437.017937,9,0,9,3,2025,2025-09-23 09:00:00
2026-09-22 10:00:00,1322.200569,10,0,9,3,2025,2025-09-23 10:00:00
2026-09-22 11:00:00,1282.412744,11,0,9,3,2025,2025-09-23 11:00:00
2026-09-22 12:00:00,1316.218583,12,0,9,3,2025,2025-09-23 12:00:00
2026-09-22 13:00:00,1339.159453,13,0,9,3,2025,2025-09-23 13:00:00
2026-09-22 14:00:00,1520.357034,14,0,9,3,2025,2025-09-23 14:00:00
2026-09-22 15:00:00,1831.327561,15,0,9,3,2025,2025-09-23 15:00:00
2026-09-22 16:00:00,2141.762171,16,0,9,3,2025,2025-09-23 16:00:00
2026-09-22 17:00:00,2342.692548,17,0,9,3,2025,2025-09-23 17:00:00
2026-09-22 18:00:00,2638.330172,18,0,9,3,2025,2025-09-23 18:00:00
2026-09-22 19:00:00,2664.636986,19,0,9,3,2025,2025-09-23 19:00:00
2026-09-22 20:00:00,2485.765459,20,0,9,3,2025,2025-09-23 20:00:00
2026-09-22 21:00:00,2301.854527,21,0,9,3,2025,2025-09-23 21:00:00
2026-09-22 22:00:00,2080.20546,22,0,9,3,2025,2025-09-23 22:00:00
2026-09-22 23:00:00,1903.379089,23,0,9,3,2025,2025-09-23 23:00:00
2026-09-23 00:00:00,1742.199705,0,0,9,3,2025,2025-09-24 00:00:00
2026-09-23 01:00:00,1662.971178,1,0,9,3,2025,2025-09-24 01:00:00
2026-09-23 02:00:00,1604.109256,2,0,9,3,2025,2025-09-24 02:00:00
2026-09-23 03:00:00,1592.976139,3,0,9,3,2025,2025-09-24 03:00:00
2026-09-23 04:00:00,1713.026437,4,0,9,3,2025,2025-09-24 04:00:00
2026-09-23 05:00:00,2065.152188,5,0,9,3,2025,2025-09-24 05:00:00
2026-09-23 06:00:00,2118.887621,6,0,9,3,2025,2025-09-24 06:00:00
2026-09-23 07:00:00,1701.536283,7,0,9,3,2025,2025-09-24 07:00:00
2026-09-23 08:00:00,1604.114986,8,0,9,3,2025,2025-09-24 08:00:00
2026-09-23 09:00:00,1552.197754,9,0,9,3,2025,2025-09-24 09:00:00
2026-09-23 10:00:00,1617.030667,10,0,9,3,2025,2025-09-24 10:00:00
2026-09-23 11:00:00,1643.47689,11,0,9,3,2025,2025-09-24 11:00:00
2026-09-23 12:00:00,1527.491709,12,0,9,3,2025,2025-09-24 12:00:00
2026-09-23 13:00:00,1429.664903,13,0,9,3,2025,2025-09-24 13:00:00
2026-09-23 14:00:00,1591.490549,14,0,9,3,2025,2025-09-24 14:00:00
2026-09-23 15:00:00,1923.075924,15,0,9,3,2025,2025-09-24 15:00:00
2026-09-23 16:00:00,2144.499637,16,0,9,3,2025,2025-09-24 16:00:00
2026-09-23 17:00:00,2324.893801,17,0,9,3,2025,2025-09-24 17:00:00
2026-09-23 18:00:00,2590.107351,18,0,9,3,2025,2025-09-24 18:00:00
2026-09-23 19:00:00,2582.967245,19,0,9,3,2025,2025-09-24 19:00:00
2026-09-23 20:00:00,2406.014153,20,0,9,3,2025,2025-09-24 20:00:00
2026-09-23 21:00:00,2216.186421,21,0,9,3,2025,2025-09-24 21:00:00
2026-09-23 22:00:00,1996.645879,22,0,9,3,2025,2025-09-24 22:00:00
2026-09-23 23:00:00,1823.287973,23,0,9,3,2025,2025-09-24 23:00:00
2026-09-24 00:00:00,1651.911115,0,0,9,3,2025,2025-09-25 00:00:00
2026-09-24 01:00:00,1616.663322,1,0,9,3,2025,2025-09-25 01:00:00
2026-09-24 02:00:00,1563.868382,2,0,9,3,2025,2025-09-25 02:00:00
2026-09-24 03:00:00,1517.484319,3,0,9,3,2025,2025-09-25 03:00:00
2026-09-24 04:00:00,1637.174708,4,0,9,3,2025,2025-09-25 04:00:00
2026-09-24 05:00:00,1964.615542,5,0,9,3,2025,2025-09-25 05:00:00
2026-09-24 06:00:00,2045.870264,6,0,9,3,2025,2025-09-25 06:00:00
2026-09-24 07:00:00,1703.6095,7,0,9,3,2025,2025-09-25 07:00:00
2026-09-24 08:00:00,1745.347515,8,0,9,3,2025,2025-09-25 08:00:00
2026-09-24 09:00:00,1636.093756,9,0,9,3,2025,2025-09-25 09:00:00
2026-09-24 10:00:00,1664.806668,10,0,9,3,2025,2025-09-25 10:00:00
2026-09-24 11:00:00,1528.311166,11,0,9,3,2025,2025-09-25 11:00:00
2026-09-24 12:00:00,1343.517242,12,0,9,3,2025,2025-09-25 12:00:00
2026-09-24 13:00:00,1355.99764,13,0,9,3,2025,2025-09-25 13:00:00
2026-09-24 14:00:00,1598.246137,14,0,9,3,2025,2025-09-25 14:00:00
2026-09-24 15:00:00,1887.15688,15,0,9,3,2025,2025-09-25 15:00:00
2026-09-24 16:00:00,2150.888329,16,0,9,3,2025,2025-09-25 16:00:00
2026-09-24 17:00:00,2289.377757,17,0,9,3,2025,2025-09-25 17:00:00
2026-09-24 18:00:00,2438.919638,18,0,9,3,2025,2025-09-25 18:00:00
2026-09-24 19:00:00,2436.944725,19,0,9,3,2025,2025-09-25 19:00:00
2026-09-24 20:00:00,2264.190554,20,0,9,3,2025,2025-09-25 20:00:00
2026-09-24 21:00:00,2096.69383,21,0,9,3,2025,2025-09-25 21:00:00
2026-09-24 22:00:00,1866.709575,22,0,9,3,2025,2025-09-25 22:00:00
2026-09-24 23:00:00,1675.967619,23,0,9,3,2025,2025-09-25 23:00:00
2026-09-25 00:00:00,1525.948339,0,0,9,3,2025,2025-09-26 00:00:00
2026-09-25 01:00:00,1454.446062,1,0,9,3,2025,2025-09-26 01:00:00
2026-09-25 02:00:00,1400.159737,2,0,9,3,2025,2025-09-26 02:00:00
2026-09-25 03:00:00,1397.305493,3,0,9,3,2025,2025-09-26 03:00:00
2026-09-25 04:00:00,1495.544318,4,0,9,3,2025,2025-09-26 04:00:00
2026-09-25 05:00:00,1837.841775,5,0,9,3,2025,2025-09-26 05:00:00
2026-09-25 06:00:00,1947.028981,6,0,9,3,2025,2025-09-26 06:00:00
2026-09-25 07:00:00,1662.11772,7,0,9,3,2025,2025-09-26 07:00:00
2026-09-25 08:00:00,1691.381699,8,0,9,3,2025,2025-09-26 08:00:00
2026-09-25 09:00:00,1756.670001,9,0,9,3,2025,2025-09-26 09:00:00
2026-09-25 10:00:00,1705.176864,10,0,9,3,2025,2025-09-26 10:00:00
2026-09-25 11:00:00,1634.288755,11,0,9,3,2025,2025-09-26 11:00:00
2026-09-25 12:00:00,1406.439181,12,0,9,3,2025,2025-09-26 12:00:00
2026-09-25 13:00:00,1339.889929,13,0,9,3,2025,2025-09-26 13:00:00
2026-09-25 14:00:00,1471.067562,14,0,9,3,2025,2025-09-26 14:00:00
2026-09-25 15:00:00,1735.929692,15,0,9,3,2025,2025-09-26 15:00:00
2026-09-25 16:00:00,1993.342599,16,0,9,3,2025,2025-09-26 16:00:00
2026-09-25 17:00:00,2176.721898,17,0,9,3,2025,2025-09-26 17:00:00
2026-09-25 18:00:00,2441.760015,18,0,9,3,2025,2025-09-26 18:00:00
2026-09-25 19:00:00,2437.45431,19,0,9,3,2025,2025-09-26 19:00:00
2026-09-25 20:00:00,2275.982525,20,0,9,3,2025,2025-09-26 20:00:00
2026-09-25 21:00:00,2061.686616,21,0,9,3,2025,2025-09-26 21:00:00
2026-09-25 22:00:00,1846.501304,22,0,9,3,2025,2025-09-26 22:00:00
2026-09-25 23:00:00,1705.908271,23,0,9,3,2025,2025-09-26 23:00:00
2026-09-26 00:00:00,1593.624119,0,1,9,3,2025,2025-09-27 00:00:00
2026-09-26 01:00:00,1505.137058,1,1,9,3,2025,2025-09-27 01:00:00
2026-09-26 02:00:00,1463.691739,2,1,9,3,2025,2025-09-27 02:00:00
2026-09-26 03:00:00,1436.213372,3,1,9,3,2025,2025-09-27 03:00:00
2026-09-26 04:00:00,1468.262785,4,1,9,3,2025,2025-09-27 04:00:00
2026-09-26 05:00:00,1600.093542,5,1,9,3,2025,2025-09-27 05:00:00
2026-09-26 06:00:00,1791.575354,6,1,9,3,2025,2025-09-27 06:00:00
2026-09-26 07:00:00,1658.519017,7,1,9,3,2025,2025-09-27 07:00:00
2026-09-26 08:00:00,1390.363655,8,1,9,3,2025,2025-09-27 08:00:00
2026-09-26 09:00:00,1261.888351,9,1,9,3,2025,2025-09-27 09:00:00
2026-09-26 10:00:00,1123.40616,10,1,9,3,2025,2025-09-27 10:00:00
2026-09-26 11:00:00,1068.434084,11,1,9,3,2025,2025-09-27 11:00:00
2026-09-26 12:00:00,1082.515432,12,1,9,3,2025,2025-09-27 12:00:00
2026-09-26 13:00:00,1054.38427,13,1,9,3,2025,2025-09-27 13:00:00
2026-09-26 14:00:00,1167.977612,14,1,9,3,2025,2025-09-27 14:00:00
2026-09-26 15:00:00,1411.15348,15,1,9,3,2025,2025-09-27 15:00:00
2026-09-26 16:00:00,1752.500277,16,1,9,3,2025,2025-09-27 16:00:00
2026-09-26 17:00:00,2047.311212,17,1,9,3,2025,2025-09-27 17:00:00
2026-09-26 18:00:00,2409.095533,18,1,9,3,2025,2025-09-27 18:00:00
2026-09-26 19:00:00,2457.212009,19,1,9,3,2025,2025-09-27 19:00:00
2026-09-26 20:00:00,2292.40684,20,1,9,3,2025,2025-09-27 20:00:00
2026-09-26 21:00:00,2119.084601,21,1,9,3,2025,2025-09-27 21:00:00
2026-09-26 22:00:00,1932.460576,22,1,9,3,2025,2025-09-27 22:00:00
2026-09-26 23:00:00,1769.192004,23,1,9,3,2025,2025-09-27 23:00:00
2026-09-27 00:00:00,1640.376453,0,1,9,3,2025,2025-09-28 00:00:00
2026-09-27 01:00:00,1568.033743,1,1,9,3,2025,2025-09-28 01:00:00
2026-09-27 02:00:00,1500.924879,2,1,9,3,2025,2025-09-28 02:00:00
2026-09-27 03:00:00,1458.923989,3,1,9,3,2025,2025-09-28 03:00:00
2026-09-27 04:00:00,1476.289412,4,1,9,3,2025,2025-09-28 04:00:00
2026-09-27 05:00:00,1587.738456,5,1,9,3,2025,2025-09-28 05:00:00
2026-09-27 06:00:00,1699.39281,6,1,9,3,2025,2025-09-28 06:00:00
2026-09-27 07:00:00,1449.303564,7,1,9,3,2025,2025-09-28 07:00:00
2026-09-27 08:00:00,1064.595617,8,1,9,3,2025,2025-09-28 08:00:00
2026-09-27 09:00:00,913.9742966,9,1,9,3,2025,2025-09-28 09:00:00
2026-09-27 10:00:00,789.7925703,10,1,9,3,2025,2025-09-28 10:00:00
2026-09-27 11:00:00,770.2236212,11,1,9,3,2025,2025-09-28 11:00:00
2026-09-27 12:00:00,811.6381964,12,1,9,3,2025,2025-09-28 12:00:00
2026-09-27 13:00:00,832.8914897,13,1,9,3,2025,2025-09-28 13:00:00
2026-09-27 14:00:00,984.8488068,14,1,9,3,2025,2025-09-28 14:00:00
2026-09-27 15:00:00,1186.160956,15,1,9,3,2025,2025-09-28 15:00:00
2026-09-27 16:00:00,1525.189029,16,1,9,3,2025,2025-09-28 16:00:00
2026-09-27 17:00:00,1812.861856,17,1,9,3,2025,2025-09-28 17:00:00
2026-09-27 18:00:00,2246.26417,18,1,9,3,2025,2025-09-28 18:00:00
2026-09-27 19:00:00,2297.438176,19,1,9,3,2025,2025-09-28 19:00:00
2026-09-27 20:00:00,2179.238864,20,1,9,3,2025,2025-09-28 20:00:00
