hour_start,hour_end,predicted_solar_mw
2026-09-29T11:00:00+05:30,2026-09-29T12:00:00+05:30,1154.8333079361064
2026-09-29T12:00:00+05:30,2026-09-29T13:00:00+05:30,1117.488320918114
2026-09-29T13:00:00+05:30,2026-09-29T14:00:00+05:30,1002.6836200386526
2026-09-29T14:00:00+05:30,2026-09-29T15:00:00+05:30,766.0588911967554
2026-09-29T15:00:00+05:30,2026-09-29T16:00:00+05:30,570.9420451180683
2026-09-29T16:00:00+05:30,2026-09-29T17:00:00+05:30,310.9764840083638
2026-09-29T17:00:00+05:30,2026-09-29T18:00:00+05:30,59.644022822973355
2026-09-29T18:00:00+05:30,2026-09-29T19:00:00+05:30,3.5485292184321366
2026-09-29T19:00:00+05:30,2026-09-29T20:00:00+05:30,3.5485292184321366
2026-09-29T20:00:00+05:30,2026-09-29T21:00:00+05:30,4.00680265479103
2026-09-29T21:00:00+05:30,2026-09-29T22:00:00+05:30,4.00680265479103
2026-09-29T22:00:00+05:30,2026-09-29T23:00:00+05:30,3.8122857806493204
2026-09-29T23:00:00+05:30,2026-09-30T00:00:00+05:30,3.3540123442904277
2026-09-30T00:00:00+05:30,2026-09-30T01:00:00+05:30,1.3789729504687496
2026-09-30T01:00:00+05:30,2026-09-30T02:00:00+05:30,0.44756820067812325
2026-09-30T02:00:00+05:30,2026-09-30T03:00:00+05:30,0.604052196548483
2026-09-30T03:00:00+05:30,2026-09-30T04:00:00+05:30,0.604052196548483
2026-09-30T04:00:00+05:30,2026-09-30T05:00:00+05:30,0.604052196548483
2026-09-30T05:00:00+05:30,2026-09-30T06:00:00+05:30,0.604052196548483
2026-09-30T06:00:00+05:30,2026-09-30T07:00:00+05:30,72.98401928603535
2026-09-30T07:00:00+05:30,2026-09-30T08:00:00+05:30,395.0525174531354
2026-09-30T08:00:00+05:30,2026-09-30T09:00:00+05:30,723.1075960606478
2026-09-30T09:00:00+05:30,2026-09-30T10:00:00+05:30,972.4347427247992
2026-09-30T10:00:00+05:30,2026-09-30T11:00:00+05:30,1117.8612636547591
2026-09-30T11:00:00+05:30,2026-09-30T12:00:00+05:30,1184.0030596103186
2026-09-30T12:00:00+05:30,2026-09-30T13:00:00+05:30,1164.211729034813
2026-09-30T13:00:00+05:30,2026-09-30T14:00:00+05:30,1076.1520576587482
2026-09-30T14:00:00+05:30,2026-09-30T15:00:00+05:30,774.1082349761515
2026-09-30T15:00:00+05:30,2026-09-30T16:00:00+05:30,583.5472586057988
2026-09-30T16:00:00+05:30,2026-09-30T17:00:00+05:30,310.2023888042014
2026-09-30T17:00:00+05:30,2026-09-30T18:00:00+05:30,68.57066151464853
2026-09-30T18:00:00+05:30,2026-09-30T19:00:00+05:30,1.012199022924001
2026-09-30T19:00:00+05:30,2026-09-30T20:00:00+05:30,3.445511853104571
2026-09-30T20:00:00+05:30,2026-09-30T21:00:00+05:30,3.445511853104571
2026-09-30T21:00:00+05:30,2026-09-30T22:00:00+05:30,3.577189951215058
2026-09-30T22:00:00+05:30,2026-09-30T23:00:00+05:30,0.22941999218679704
2026-09-30T23:00:00+05:30,2026-10-01T00:00:00+05:30,0.2049095071049546
2026-10-01T00:00:00+05:30,2026-10-01T01:00:00+05:30,0.37478657775078894
2026-10-01T01:00:00+05:30,2026-10-01T02:00:00+05:30,0.2776911300322889
2026-10-01T02:00:00+05:30,2026-10-01T03:00:00+05:30,0.604052196548483
2026-10-01T03:00:00+05:30,2026-10-01T04:00:00+05:30,0.604052196548483
2026-10-01T04:00:00+05:30,2026-10-01T05:00:00+05:30,0.5557810587029911
2026-10-01T05:00:00+05:30,2026-10-01T06:00:00+05:30,0.5068591061026441
2026-10-01T06:00:00+05:30,2026-10-01T07:00:00+05:30,70.59923633615603
2026-10-01T07:00:00+05:30,2026-10-01T08:00:00+05:30,381.7288003961786
2026-10-01T08:00:00+05:30,2026-10-01T09:00:00+05:30,712.3809570060897
2026-10-01T09:00:00+05:30,2026-10-01T10:00:00+05:30,974.0775197395988
2026-10-01T10:00:00+05:30,2026-10-01T11:00:00+05:30,1085.4541322426162
2026-10-01T11:00:00+05:30,2026-10-01T12:00:00+05:30,1141.5587553303742
2026-10-01T12:00:00+05:30,2026-10-01T13:00:00+05:30,1121.2457399492207
2026-10-01T13:00:00+05:30,2026-10-01T14:00:00+05:30,894.7910372854303
2026-10-01T14:00:00+05:30,2026-10-01T15:00:00+05:30,511.28661715156977
2026-10-01T15:00:00+05:30,2026-10-01T16:00:00+05:30,438.023273698335
2026-10-01T16:00:00+05:30,2026-10-01T17:00:00+05:30,281.34263861084685
2026-10-01T17:00:00+05:30,2026-10-01T18:00:00+05:30,30.648068934268398
2026-10-01T18:00:00+05:30,2026-10-01T19:00:00+05:30,0.535367115618864
2026-10-01T19:00:00+05:30,2026-10-01T20:00:00+05:30,0.535367115618864
2026-10-01T20:00:00+05:30,2026-10-01T21:00:00+05:30,0.535367115618864
2026-10-01T21:00:00+05:30,2026-10-01T22:00:00+05:30,0.535367115618864
2026-10-01T22:00:00+05:30,2026-10-01T23:00:00+05:30,0.20900604910266996
2026-10-01T23:00:00+05:30,2026-10-02T00:00:00+05:30,0.17097317083132058
2026-10-02T00:00:00+05:30,2026-10-02T01:00:00+05:30,0.17097317083132058
2026-10-02T01:00:00+05:30,2026-10-02T02:00:00+05:30,0.20900604910266996
2026-10-02T02:00:00+05:30,2026-10-02T03:00:00+05:30,0.535367115618864
2026-10-02T03:00:00+05:30,2026-10-02T04:00:00+05:30,0.535367115618864
2026-10-02T04:00:00+05:30,2026-10-02T05:00:00+05:30,0.535367115618864
2026-10-02T05:00:00+05:30,2026-10-02T06:00:00+05:30,0.535367115618864
2026-10-02T06:00:00+05:30,2026-10-02T07:00:00+05:30,82.68189591023685
2026-10-02T07:00:00+05:30,2026-10-02T08:00:00+05:30,412.032835987307
2026-10-02T08:00:00+05:30,2026-10-02T09:00:00+05:30,711.4590186714935
2026-10-02T09:00:00+05:30,2026-10-02T10:00:00+05:30,958.147527019913
2026-10-02T10:00:00+05:30,2026-10-02T11:00:00+05:30,1074.141201421807
2026-10-02T11:00:00+05:30,2026-10-02T12:00:00+05:30,1143.6173224415763
2026-10-02T12:00:00+05:30,2026-10-02T13:00:00+05:30,1085.1309633096178
2026-10-02T13:00:00+05:30,2026-10-02T14:00:00+05:30,851.8356396502437
2026-10-02T14:00:00+05:30,2026-10-02T15:00:00+05:30,641.8920977790712
2026-10-02T15:00:00+05:30,2026-10-02T16:00:00+05:30,454.98667552621464
2026-10-02T16:00:00+05:30,2026-10-02T17:00:00+05:30,200.62625555915557
2026-10-02T17:00:00+05:30,2026-10-02T18:00:00+05:30,28.931236271795918
2026-10-02T18:00:00+05:30,2026-10-02T19:00:00+05:30,0.5309715283342722
2026-10-02T19:00:00+05:30,2026-10-02T20:00:00+05:30,0.5309715283342722
2026-10-02T20:00:00+05:30,2026-10-02T21:00:00+05:30,0.5309715283342722
2026-10-02T21:00:00+05:30,2026-10-02T22:00:00+05:30,0.5309715283342722
2026-10-02T22:00:00+05:30,2026-10-02T23:00:00+05:30,0.23624595382120722
2026-10-02T23:00:00+05:30,2026-10-03T00:00:00+05:30,0.17097317083132058
2026-10-03T00:00:00+05:30,2026-10-03T01:00:00+05:30,0.17097317083132058
2026-10-03T01:00:00+05:30,2026-10-03T02:00:00+05:30,0.535367115618864
2026-10-03T02:00:00+05:30,2026-10-03T03:00:00+05:30,0.535367115618864
2026-10-03T03:00:00+05:30,2026-10-03T04:00:00+05:30,0.535367115618864
2026-10-03T04:00:00+05:30,2026-10-03T05:00:00+05:30,0.0
2026-10-03T05:00:00+05:30,2026-10-03T06:00:00+05:30,0.0
2026-10-03T06:00:00+05:30,2026-10-03T07:00:00+05:30,79.39452079005169
2026-10-03T07:00:00+05:30,2026-10-03T08:00:00+05:30,411.0931821932007
2026-10-03T08:00:00+05:30,2026-10-03T09:00:00+05:30,739.5162600179381
2026-10-03T09:00:00+05:30,2026-10-03T10:00:00+05:30,982.76270561249
2026-10-03T10:00:00+05:30,2026-10-03T11:00:00+05:30,1125.416787062717
2026-10-03T11:00:00+05:30,2026-10-03T12:00:00+05:30,1141.325357327139
2026-10-03T12:00:00+05:30,2026-10-03T13:00:00+05:30,1084.132807178835
2026-10-03T13:00:00+05:30,2026-10-03T14:00:00+05:30,917.167130085164
2026-10-03T14:00:00+05:30,2026-10-03T15:00:00+05:30,649.4892180150725
2026-10-03T15:00:00+05:30,2026-10-03T16:00:00+05:30,424.48893338263167
2026-10-03T16:00:00+05:30,2026-10-03T17:00:00+05:30,235.21576405917503
2026-10-03T17:00:00+05:30,2026-10-03T18:00:00+05:30,23.604138316827676
2026-10-03T18:00:00+05:30,2026-10-03T19:00:00+05:30,0.535367115618864
2026-10-03T19:00:00+05:30,2026-10-03T20:00:00+05:30,0.535367115618864
2026-10-03T20:00:00+05:30,2026-10-03T21:00:00+05:30,0.535367115618864
2026-10-03T21:00:00+05:30,2026-10-03T22:00:00+05:30,0.535367115618864
2026-10-03T22:00:00+05:30,2026-10-03T23:00:00+05:30,0.20900604910266996
2026-10-03T23:00:00+05:30,2026-10-04T00:00:00+05:30,0.17097317083132058
2026-10-04T00:00:00+05:30,2026-10-04T01:00:00+05:30,0.17097317083132058
2026-10-04T01:00:00+05:30,2026-10-04T02:00:00+05:30,0.535367115618864
2026-10-04T02:00:00+05:30,2026-10-04T03:00:00+05:30,0.535367115618864
2026-10-04T03:00:00+05:30,2026-10-04T04:00:00+05:30,0.535367115618864
2026-10-04T04:00:00+05:30,2026-10-04T05:00:00+05:30,0.535367115618864
2026-10-04T05:00:00+05:30,2026-10-04T06:00:00+05:30,0.9406412739509412
2026-10-04T06:00:00+05:30,2026-10-04T07:00:00+05:30,83.65075069887317
2026-10-04T07:00:00+05:30,2026-10-04T08:00:00+05:30,414.60110964198793
2026-10-04T08:00:00+05:30,2026-10-04T09:00:00+05:30,740.5016284490981
2026-10-04T09:00:00+05:30,2026-10-04T10:00:00+05:30,967.4804087466471
2026-10-04T10:00:00+05:30,2026-10-04T11:00:00+05:30,1140.618547801879
2026-10-04T11:00:00+05:30,2026-10-04T12:00:00+05:30,1154.2215206935468
2026-10-04T12:00:00+05:30,2026-10-04T13:00:00+05:30,1068.8775570715675
2026-10-04T13:00:00+05:30,2026-10-04T14:00:00+05:30,896.1637744458103
2026-10-04T14:00:00+05:30,2026-10-04T15:00:00+05:30,614.4809164661393
2026-10-04T15:00:00+05:30,2026-10-04T16:00:00+05:30,444.85629394688476
2026-10-04T16:00:00+05:30,2026-10-04T17:00:00+05:30,242.51392802273395
2026-10-04T17:00:00+05:30,2026-10-04T18:00:00+05:30,30.203300155273098
2026-10-04T18:00:00+05:30,2026-10-04T19:00:00+05:30,0.0
2026-10-04T19:00:00+05:30,2026-10-04T20:00:00+05:30,0.535367115618864
2026-10-04T20:00:00+05:30,2026-10-04T21:00:00+05:30,0.535367115618864
2026-10-04T21:00:00+05:30,2026-10-04T22:00:00+05:30,0.535367115618864
2026-10-04T22:00:00+05:30,2026-10-04T23:00:00+05:30,0.20900604910266996
2026-10-04T23:00:00+05:30,2026-10-05T00:00:00+05:30,0.17097317083132058
2026-10-05T00:00:00+05:30,2026-10-05T01:00:00+05:30,0.17097317083132058
2026-10-05T01:00:00+05:30,2026-10-05T02:00:00+05:30,0.535367115618864
2026-10-05T02:00:00+05:30,2026-10-05T03:00:00+05:30,0.535367115618864
2026-10-05T03:00:00+05:30,2026-10-05T04:00:00+05:30,0.535367115618864
2026-10-05T04:00:00+05:30,2026-10-05T05:00:00+05:30,0.535367115618864
2026-10-05T05:00:00+05:30,2026-10-05T06:00:00+05:30,0.9134013692324038
2026-10-05T06:00:00+05:30,2026-10-05T07:00:00+05:30,92.66642941422863
2026-10-05T07:00:00+05:30,2026-10-05T08:00:00+05:30,418.27951687461604
2026-10-05T08:00:00+05:30,2026-10-05T09:00:00+05:30,738.0464158502773
2026-10-05T09:00:00+05:30,2026-10-05T10:00:00+05:30,945.7411453032211
2026-10-05T10:00:00+05:30,2026-10-05T11:00:00+05:30,1107.748419584702
2026-10-05T11:00:00+05:30,2026-10-05T12:00:00+05:30,1107.1824611907273
2026-10-05T12:00:00+05:30,2026-10-05T13:00:00+05:30,1036.4715665479641
2026-10-05T13:00:00+05:30,2026-10-05T14:00:00+05:30,903.5213216554228
2026-10-05T14:00:00+05:30,2026-10-05T15:00:00+05:30,683.6310896530593
2026-10-05T15:00:00+05:30,2026-10-05T16:00:00+05:30,513.6371704704617
2026-10-05T16:00:00+05:30,2026-10-05T17:00:00+05:30,281.22812269890636
2026-10-05T17:00:00+05:30,2026-10-05T18:00:00+05:30,34.79081811380723
2026-10-05T18:00:00+05:30,2026-10-05T19:00:00+05:30,0.0
2026-10-05T19:00:00+05:30,2026-10-05T20:00:00+05:30,0.0
2026-10-05T20:00:00+05:30,2026-10-05T21:00:00+05:30,0.0
2026-10-05T21:00:00+05:30,2026-10-05T22:00:00+05:30,0.535367115618864
2026-10-05T22:00:00+05:30,2026-10-05T23:00:00+05:30,0.535367115618864
2026-10-05T23:00:00+05:30,2026-10-06T00:00:00+05:30,0.1427870080238381
2026-10-06T00:00:00+05:30,2026-10-06T01:00:00+05:30,0.0
2026-10-06T01:00:00+05:30,2026-10-06T02:00:00+05:30,0.0
2026-10-06T02:00:00+05:30,2026-10-06T03:00:00+05:30,0.0
2026-10-06T03:00:00+05:30,2026-10-06T04:00:00+05:30,0.0
2026-10-06T04:00:00+05:30,2026-10-06T05:00:00+05:30,0.0
2026-10-06T05:00:00+05:30,2026-10-06T06:00:00+05:30,0.13887066458967956
2026-10-06T06:00:00+05:30,2026-10-06T07:00:00+05:30,90.87479509487959
2026-10-06T07:00:00+05:30,2026-10-06T08:00:00+05:30,416.9351625902936
2026-10-06T08:00:00+05:30,2026-10-06T09:00:00+05:30,742.6107601158997
2026-10-06T09:00:00+05:30,2026-10-06T10:00:00+05:30,958.3021627623385
2026-10-06T10:00:00+05:30,2026-10-06T11:00:00+05:30,1107.9351255683325
